{
  "classes":5,
  "label2train":[
    [2, 0],
    [3, 1],
    [5, 2],
    [6, 3],
    [7, 4],
    [8, 255]],
  "label":[
    "ground",
    "grass",
    "tree",
    "building",
    "car"],
  "palette":[
    [205, 201, 201],
    [192 ,255, 62],
    [ 0, 139, 0],
    [238 ,0 ,0],
    [125, 38 ,205],
	[0,0,0]],
  "mean":[
    73.158359210711552,
    82.908917542625858,
    72.392398761941593],
  "std":[
    47.675755341814678,
    48.494214368814916,
    47.736546325441594]
}
